V_gen,V_med1,V_med2
0.0,37.0,27.0
0.002,25.0,19.0
0.005,22.0,23.0
0.007,19.0,18.0
0.01,18.0,18.0
0.012,19.0,17.0
0.015,20.0,21.0
0.017,14.0,16.0
0.02,15.0,13.0
0.022,13.0,16.0
0.024,19.0,18.0
0.027,18.0,18.0
0.029,17.0,19.0
0.032,19.0,17.0
0.034,21.0,20.0
0.037,20.0,17.0
0.039,19.0,18.0
0.042,19.0,22.0
0.044,16.0,22.0
0.046,21.0,23.0
0.049,25.0,27.0
0.051,31.0,30.0
0.054,31.0,32.0
0.056,35.0,33.0
0.059,32.0,35.0
0.061,32.0,32.0
0.064,32.0,32.0
0.066,34.0,33.0
0.068,27.0,28.0
0.071,27.0,29.0
0.073,26.0,27.0
0.076,24.0,22.0
0.078,23.0,23.0
0.081,23.0,22.0
0.083,19.0,26.0
0.085,21.0,26.0
0.088,23.0,24.0
0.09,21.0,22.0
0.093,27.0,28.0
0.095,26.0,22.0
0.098,18.0,26.0
0.1,29.0,29.0
0.103,30.0,33.0
0.105,29.0,29.0
0.107,30.0,35.0
0.11,33.0,34.0
0.112,40.0,38.0
0.115,39.0,40.0
0.117,36.0,34.0
0.12,42.0,42.0
0.122,37.0,36.0
0.125,40.0,37.0
0.127,35.0,39.0
0.129,42.0,34.0
0.132,38.0,34.0
0.134,32.0,34.0
0.137,34.0,34.0
0.139,33.0,33.0
0.142,35.0,35.0
0.144,33.0,29.0
0.147,31.0,33.0
0.149,30.0,28.0
0.151,34.0,36.0
0.154,35.0,31.0
0.156,33.0,31.0
0.159,37.0,37.0
0.161,34.0,38.0
0.164,37.0,34.0
0.166,43.0,45.0
0.169,45.0,43.0
0.171,45.0,46.0
0.173,47.0,46.0
0.176,44.0,48.0
0.178,48.0,46.0
0.181,46.0,50.0
0.183,49.0,47.0
0.186,50.0,51.0
0.188,50.0,43.0
0.191,40.0,50.0
0.193,48.0,41.0
0.195,42.0,43.0
0.198,42.0,41.0
0.2,45.0,37.0
0.203,38.0,44.0
0.205,41.0,39.0
0.208,39.0,46.0
0.21,44.0,45.0
0.213,38.0,45.0.007
0.215,45.0,40.0
0.217,42.0,48.0
0.22,40.0,51.0
0.222,52.0,45.0
0.225,51.0,51.0
0.227,49.0,49.0
0.23,52.0,50.0
0.232,50.0,54.0
0.234,53.0,58.0
0.237,57.0,59.0
0.239,57.0,58.0
0.242,54.0,61.0
0.244,58.0,57.0
0.247,60.0,53.0
0.249,58.0,57.0
0.252,55.0,55.0
0.254,53.0,54.0
0.256,49.0,55.0
0.259,54.0,51.0
0.261,50.0,52.0
0.264,54.0,50.0
0.266,55.0,47.0
0.269,57.0,54.0
0.271,57.0,53.0
0.274,53.0,52.0
0.276,57.0,60.0
0.278,57.0,55.0
0.281,54.0,58.0
0.283,60.0,58.0
0.286,54.0,59.0
0.288,67.0,60.0
0.291,61.0,67.0
0.293,64.0,67.0
0.296,68.0,64.0
0.298,70.0,71.0
0.3,69.0,73.0
0.303,70.0,67.0
0.305,71.0,63.0
0.308,69.0,65.0
0.31,64.0,70.0
0.313,64.0,64.0
0.315,64.0,65.0
0.318,67.0,64.0
0.32,67.0,65.0
0.322,61.0,63.0
0.325,66.0,66.0
0.327,63.0,66.0
0.33,69.0,62.0
0.332,63.0,66.0
0.335,65.0,69.0
0.337,65.0,65.0
0.34,73.0,70.0
0.342,74.0,75.0
0.344,73.0,73.0
0.347,72.0,76.0
0.349,77.0,79.0
0.352,81.0,82.0
0.354,79.0,80.0
0.357,79.0,82.0
0.359,82.0,83.0
0.362,86.0,82.0.007
0.364,84.0,81.0
0.366,80.0,76.0
0.369,75.0,74.0
0.371,76.0,73.0
0.374,78.0,80.0
0.376,80.0,74.0
0.379,73.0,71.0
0.381,79.0,71.0
0.383,75.0,77.0
0.386,74.0,75.0
0.388,80.0,75.0
0.391,76.0,81.0
0.393,81.0,78.0
0.396,89.0,81.0
0.398,84.0,82.0
0.401,87.0,86.0
0.403,88.0,91.0
0.405,95.0,88.0.007
0.408,93.0,89.0
0.41,95.0,93.0
0.413,90.0,98.0
0.415,93.0,97.0
0.418,91.0,97.0
0.42,93.0,92.0
0.423,93.0,89.0
0.425,89.0,85.0
0.427,90.0,86.0
0.43,90.0,84.0
0.432,91.0,90.0
0.435,87.0,91.0
0.437,86.0,85.0
0.44,88.0,86.0
0.442,92.0,89.0
0.445,91.0,91.0
0.447,92.0,92.0
0.449,93.0,90.0
0.452,99.0,92.0
0.454,97.0,98.0
0.457,95.0,102.0
0.459,101.0,102.0
0.462,102.0,99.0
0.464,102.0,108.0
0.467,103.0,111.0
0.469,108.0,106.0
0.471,107.0,103.0
0.474,103.0,105.0
0.476,109.0,103.0
0.479,101.0,98.0
0.481,99.0,102.0
0.484,102.0,104.0
0.486,100.0,97.0
0.489,99.0,97.0
0.491,100.0,102.0
0.493,97.0,99.0
0.496,106.0,104.0
0.498,102.0,104.0
0.501,105.0,100.0
0.503,102.0,101.0
0.506,107.0,106.0
0.508,111.0,106.0
0.511,111.0,107.0
0.513,117.0,113.0
0.515,112.0,111.0
0.518,116.0,117.0
0.52,117.0,116.0
0.523,115.0,117.0
0.525,118.0,115.0
0.528,120.0,118.0
0.53,117.0,115.0
0.532,117.0,116.0
0.535,115.0,110.0
0.537,112.0,110.0
0.54,110.0,113.0
0.542,112.0,109.0
0.545,114.0,114.0
0.547,116.0,116.0
0.55,114.0,116.0
0.552,115.0,114.0
0.554,114.0,115.0
0.557,114.0,119.0
0.559,118.0,118.0
0.562,120.0,117.0
0.564,118.0,119.0
0.567,120.0,124.0
0.569,122.0,123.0
0.572,128.0,128.0
0.574,130.0,128.0
0.576,127.0,127.0
0.579,133.0,130.0
0.581,129.0,131.0
0.584,128.0,127.0
0.586,131.0,125.0
0.589,129.0,129.0
0.591,128.0,126.0
0.594,124.0,126.0
0.596,122.0,123.0
0.598,129.0,120.0
0.601,121.0,125.0
0.603,127.0,125.0
0.606,129.0,126.0
0.608,126.0,126.0
0.611,127.0,124.0
0.613,125.0,129.0
0.616,130.0,130.0
0.618,128.0,133.0
0.62,135.0,135.0
0.623,133.0,141.0
0.625,141.0,138.0
0.628,138.0,139.0
0.63,140.0,139.0
0.633,139.0,140.0
0.635,144.0,138.0
0.638,143.0,142.0
0.64,142.0,141.0
0.642,140.0,139.0
0.645,137.0,140.0
0.647,134.0,133.0
0.65,136.0,137.0
0.652,134.0,136.0
0.655,137.0,137.0
0.657,142.0,135.0
0.66,139.0,135.0
0.662,139.0,136.0
0.664,140.0,142.0
0.667,138.0,142.0
0.669,138.0,139.0
0.672,144.0,146.0
0.674,144.0,146.0
0.677,148.0,147.0
0.679,147.0,151.0
0.681,154.0,150.0
0.684,150.0,156.0
0.686,155.0,154.0
0.689,157.0,152.0
0.691,150.0,149.0
0.694,148.0,147.0
0.696,146.0,146.0
0.699,146.0,146.0
0.701,151.0,147.0
0.703,144.0,143.0
0.706,145.0,150.0
0.708,151.0,149.0
0.711,151.0,148.0
0.713,149.0,152.0
0.716,151.0,148.0
0.718,152.0,152.0
0.721,154.0,154.0
0.723,157.0,157.0
0.725,158.0,155.0
0.728,156.0,156.0
0.73,163.0,161.0
0.733,165.0,163.0
0.735,164.0,162.0
0.738,165.0,168.0
0.74,166.0,164.0
0.743,163.0,161.0
0.745,162.0,161.0
0.747,162.0,158.0
0.75,158.0,159.0
0.752,158.0,159.0
0.755,160.0,156.0
0.757,156.0,156.0
0.76,158.0,160.0
0.762,163.0,155.0
0.765,155.0,161.0
0.767,157.0,164.0
0.769,159.0,160.0
0.772,164.0,161.0
0.774,167.0,166.0
0.777,164.0,170.0
0.779,168.0,173.0
0.782,170.0,168.0
0.784,175.0,173.0
0.787,173.0,178.0
0.789,171.0,178.0
0.791,178.0,180.0
0.794,174.0,174.0
0.796,177.0,175.0
0.799,172.0,174.0
0.801,174.0,175.0
0.804,174.0,173.0
0.806,168.0,168.0
0.809,171.0,172.0
0.811,172.0,170.0
0.813,171.0,174.0
0.816,173.0,168.0
0.818,160.0,172.0
0.821,173.0,175.0
0.823,171.0,174.0
0.826,174.0,173.0
0.828,180.0,177.0
0.83,178.0,181.0
0.833,182.0,182.0
0.835,182.0,184.0
0.838,188.0,190.0
0.84,183.0,187.0
0.843,186.0,188.0
0.845,188.0,183.0
0.848,187.0,185.0
0.85,185.0,183.0
0.852,183.0,185.0
0.855,186.0,182.0
0.857,181.0,184.0
0.86,181.0,177.0
0.862,180.0,183.0
0.865,181.0,186.0
0.867,185.0,184.0
0.87,181.0,183.0
0.872,183.0,181.0
0.874,185.0,183.0
0.877,188.0,190.0
0.879,191.0,187.0
0.882,192.0,187.0
0.884,189.0,193.0
0.887,192.0,195.0
0.889,197.0,197.0
0.892,200.0,202.0
0.894,201.0,194.0
0.896,204.0,198.0
0.899,200.0,201.0
0.901,195.0,196.0
0.904,198.0,198.0
0.906,197.0,192.0
0.909,196.0,192.0
0.911,199.0,193.0
0.914,195.0,191.0
0.916,191.0,195.0
0.918,191.0,195.0
0.921,198.0,196.0
0.923,195.0,194.0
0.926,198.0,197.0
0.928,196.0,194.0
0.931,199.0,195.0
0.933,198.0,203.0
0.936,205.0,204.0
0.938,207.0,204.0
0.94,206.0,209.0
0.943,210.0,209.0
0.945,214.0,211.0
0.948,214.0,212.0
0.95,213.0,211.0
0.953,209.0,211.0
0.955,217.0,212.0
0.957,215.0,212.0
0.96,206.0,205.0
0.962,204.0,207.0
0.965,204.0,203.0
0.967,204.0,203.0
0.97,205.0,205.0
0.972,203.0,201.0
0.975,204.0,202.0
0.977,203.0,205.0
0.979,209.0,208.0
0.982,206.0,209.0
0.984,206.0,210.0
0.987,211.0,208.0
0.989,215.0,211.0
0.992,212.0,216.0
0.994,213.0,217.0
0.997,216.0,221.0
0.999,220.0,222.0
1.001,222.0,220.0
1.004,226.0,220.0
1.006,226.0,226.0
1.009,227.0,221.0
1.011,225.0,221.0
1.014,220.0,223.0
1.016,220.0,217.0
1.019,215.0,216.0
1.021,219.0,220.0
1.023,221.0,219.0
1.026,214.0,214.0
1.028,219.0,219.0
1.031,219.0,221.0
1.033,218.0,221.0
1.036,219.0,221.0
1.038,218.0,221.0
1.041,219.0,225.0
1.043,220.0,219.0
1.045,225.0,222.0
1.048,227.0,225.0
1.05,228.0,226.0
1.053,233.0,228.0
1.055,235.0,233.0
1.058,236.0,237.0
1.06,235.0,233.0
1.063,238.0,234.0
1.065,234.0,234.0
1.067,237.0,236.0
1.07,232.0,233.0
1.072,235.0,229.0
1.075,228.0,232.0
1.077,229.0,228.0
1.08,231.0,230.0
1.082,230.0,232.0
1.085,233.0,226.0
1.087,227.0,232.0
1.089,232.0,227.0
1.092,228.0,232.0
1.094,234.0,232.0
1.097,235.0,236.0
1.099,233.0,240.0
1.102,235.0,241.0
1.104,240.0,242.0
1.106,244.0,246.0
1.109,245.0,248.0
1.111,243.0,243.0
1.114,244.0,249.0
1.116,244.0,245.0
1.119,248.0,251.0
1.121,250.0,247.0
1.124,244.0,239.0
1.126,241.0,243.0
1.128,241.0,239.0
1.131,241.0,244.0
1.133,242.0,244.0
1.136,239.0,238.0
1.138,242.0,239.0
1.141,239.0,246.0
1.143,243.0,242.0
1.146,242.0,245.0
1.148,249.0,249.0
1.15,244.0,245.0
1.153,248.0,251.0
1.155,255.0,251.0
1.158,250.0,252.0
1.16,255.0,258.0
1.163,256.0,259.0
1.165,259.0,258.0
1.168,262.0,256.0
1.17,260.0,260.0
1.172,256.0,259.0
1.175,255.0,252.0
1.177,254.0,253.0
1.18,251.0,254.0
1.182,255.0,252.0
1.185,250.0,253.0
1.187,254.0,250.0
1.19,253.0,252.0
1.192,252.0,251.0
1.194,256.0,253.0
1.197,253.0,254.0
1.199,260.0,258.0
1.202,262.0,260.0
1.204,263.0,260.0
1.207,262.0,264.0
1.209,263.0,266.0
1.212,267.0,268.0
1.214,268.0,270.0
1.216,270.0,267.0
1.219,268.0,273.0
1.221,273.0,266.0
1.224,270.0,267.0
1.226,269.0,267.0
1.229,264.0,263.0
1.231,265.0,268.0
1.234,264.0,264.0
1.236,267.0,264.0
1.238,263.0,263.0
1.241,262.0,268.0
1.243,263.0,263.0
1.246,261.0,267.0
1.248,270.0,263.0
1.251,268.0,269.0
1.253,270.0,267.0
1.255,268.0,273.0
1.258,271.0,277.0
1.26,277.0,273.0
1.263,279.0,280.0
1.265,277.0,277.0
1.268,280.0,285.0
1.27,283.0,280.0
1.273,285.0,283.0
1.275,281.0,279.0
1.277,279.0,281.0
1.28,278.0,279.0
1.282,282.0,282.0
1.285,279.0,277.0
1.287,277.0,279.0
1.29,276.0,281.0
1.292,274.0,274.0
1.295,281.0,280.0
1.297,279.0,274.0
1.299,280.0,277.0
1.302,277.0,274.0
1.304,280.0,280.0
1.307,283.0,276.0
1.309,281.0,280.0
1.312,277.0,284.0
1.314,280.0,287.0
1.317,279.0,287.0
1.319,285.0,287.0
1.321,285.0,290.0
1.324,287.0,288.0
1.326,294.0,292.0
1.329,295.0,295.0
1.331,292.0,295.0
1.334,295.0,295.0
1.336,295.0,298.0
1.339,297.0,297.0
1.341,294.0,296.0
1.343,302.0,295.0
1.346,299.0,295.0
1.348,294.0,290.0
1.351,295.0,293.0
1.353,292.0,294.0
1.356,292.0,291.0
1.358,291.0,292.0
1.361,290.0,290.0
1.363,293.0,292.0
1.365,293.0,289.0
1.368,294.0,294.0
1.37,294.0,292.0
1.373,296.0,291.0
1.375,295.0,293.0
1.378,296.0,293.0
1.38,296.0,296.0
1.383,299.0,296.0
1.385,299.0,300.0
1.387,298.0,307.0
1.39,303.0,310.0
1.392,308.0,307.0
1.395,311.0,305.0
1.397,308.0,308.0
1.4,312.0,312.0
1.402,313.0,308.0
1.404,315.0,311.0
1.407,310.0,309.0
1.409,307.0,305.0
1.412,306.0,307.0
1.414,303.0,307.0
1.417,308.0,303.0
1.419,303.0,303.0
1.422,303.0,305.0
1.424,301.0,306.0
1.426,304.0,301.0
1.429,304.0,307.0
1.431,307.0,306.0
1.434,305.0,311.0
1.436,308.0,308.0
1.439,309.0,313.0
1.441,313.0,310.0
1.444,312.0,318.0
1.446,314.0,316.0
1.448,320.0,318.0
1.451,322.0,318.0
1.453,323.0,324.0
1.456,329.0,320.0
1.458,323.0,321.0
1.461,323.0,324.0
1.463,325.0,323.0
1.466,322.0,318.0
1.468,319.0,314.0
1.47,317.0,313.0
1.473,319.0,319.0
1.475,315.0,316.0
1.478,317.0,316.0
1.48,318.0,313.0
1.483,315.0,315.0
1.485,315.0,320.0
1.488,317.0,318.0
1.49,321.0,319.0
1.492,322.0,324.0
1.495,321.0,327.0
1.497,325.0,330.0
1.5,332.0,328.0
1.502,334.0,330.0
1.505,331.0,336.0
1.507,333.0,335.0
1.51,337.0,335.0
1.512,335.0,330.0
1.514,337.0,332.0
1.517,332.0,330.0
1.519,327.0,328.0
1.522,329.0,331.0
1.524,326.0,324.0
1.527,329.0,329.0
1.529,325.0,325.0
1.532,326.0,326.0
1.534,326.0,327.0
1.536,329.0,329.0
1.539,328.0,332.0
1.541,333.0,330.0
1.544,334.0,336.0
1.546,333.0,335.0
1.549,340.0,342.0
1.551,345.0,343.0
1.553,342.0,343.0
1.556,342.0,347.0
1.558,344.0,344.0
1.561,343.0,342.0
1.563,348.0,345.0
1.566,347.0,339.0
1.568,340.0,343.0
1.571,343.0,337.0
1.573,341.0,339.0
1.575,337.0,341.0
1.578,338.0,337.0
1.58,343.0,342.0
1.583,335.0,336.0
1.585,343.0,336.0
1.588,343.0,338.0
1.59,343.0,339.0
1.593,340.0,342.0
1.595,349.0,348.0
1.597,351.0,350.0
1.6,351.0,348.0
1.602,354.0,358.0
1.605,356.0,355.0
1.607,354.0,355.0
1.61,358.0,354.0
1.612,359.0,356.0
1.615,361.0,354.0
1.617,361.0,355.0
1.619,354.0,351.0
1.622,352.0,350.0
1.624,349.0,352.0
1.627,347.0,354.0
1.629,348.0,351.0
1.632,349.0,347.0
1.634,350.0,350.0
1.637,350.0,351.0
1.639,353.0,348.0
1.641,350.0,351.0
1.644,351.0,350.0
1.646,352.0,352.0
1.649,355.0,356.0
1.651,359.0,360.0
1.654,364.0,364.0
1.656,366.0,370.0
1.659,366.0,367.0
1.661,368.0,371.0
1.663,370.0,368.0
1.666,370.0,373.0
1.668,368.0,367.0
1.671,367.0,367.0
1.673,366.0,362.0
1.676,360.0,359.0
1.678,362.0,359.0
1.681,359.0,364.0
1.683,362.0,365.0
1.685,363.0,366.0
1.688,362.0,364.0
1.69,363.0,364.0
1.693,364.0,366.0
1.695,368.0,367.0
1.698,368.0,365.0
1.7,369.0,369.0
1.702,377.0,372.0
1.705,372.0,374.0
1.707,374.0,380.0
1.71,383.0,375.0
1.712,378.0,378.0
1.715,382.0,376.0
1.717,381.0,380.0
1.72,377.0,375.0
1.722,374.0,376.0
1.724,370.0,374.0
1.727,374.0,370.0
1.729,368.0,373.0
1.732,372.0,369.0
1.734,374.0,370.0
1.737,373.0,373.0
1.739,376.0,376.0
1.742,373.0,374.0
1.744,378.0,378.0
1.746,383.0,383.0
1.749,387.0,385.0
1.751,386.0,386.0
1.754,389.0,389.0
1.756,390.0,392.0
1.759,393.0,392.0
1.761,387.0,385.0
1.764,387.0,386.0
1.766,386.0,382.0
1.768,380.0,382.0
1.771,385.0,384.0
1.773,381.0,378.0
1.776,382.0,381.0
1.778,381.0,381.0
1.781,381.0,387.0
1.783,384.0,384.0
1.786,386.0,387.0
1.788,388.0,389.0
1.79,389.0,391.0
1.793,397.0,396.0
1.795,400.0,394.0
1.798,400.0,399.0
1.8,397.0,400.0
1.803,397.0,395.0
1.805,400.0,398.0
1.808,398.0,395.0
1.81,395.0,393.0
1.812,392.0,390.0
1.815,393.0,393.0
1.817,392.0,392.0
1.82,391.0,387.0
1.822,392.0,389.0
1.825,392.0,392.0
1.827,395.0,390.0
1.83,392.0,397.0
1.832,395.0,396.0
1.834,399.0,405.0
1.837,403.0,405.0
1.839,408.0,405.0
1.842,409.0,409.0
1.844,407.0,408.0
1.847,410.0,407.0
1.849,405.0,408.0
1.851,407.0,403.0
1.854,400.0,400.0
1.856,399.0,399.0
1.859,399.0,400.0
1.861,403.0,400.0
1.864,398.0,397.0
1.866,404.0,402.0
1.869,400.0,403.0
1.871,401.0,405.0
1.873,406.0,409.0
1.876,408.0,408.0
1.878,408.0,413.0
1.881,412.0,418.0
1.883,414.0,418.0
1.886,416.0,420.0
1.888,416.0,421.0
1.891,417.0,418.0
1.893,416.0,418.0
1.895,415.0,417.0
1.898,410.0,408.0
1.9,411.0,410.0
1.903,414.0,408.0
1.905,407.0,408.0
1.908,407.0,412.0
1.91,408.0,410.0
1.913,412.0,410.0
1.915,410.0,414.0
1.917,415.0,416.0
1.92,418.0,420.0
1.922,423.0,423.0
1.925,421.0,428.0
1.927,425.0,425.0
1.93,429.0,429.0
1.932,429.0,424.0
1.935,427.0,424.0
1.937,424.0,424.0
1.939,426.0,420.0
1.942,422.0,419.0
1.944,422.0,424.0
1.947,417.0,420.0
1.949,421.0,422.0
1.952,421.0,419.0
1.954,422.0,421.0
1.957,418.0,422.0
1.959,423.0,420.0
1.961,422.0,427.0
1.964,422.0,429.0
1.966,424.0,428.0
1.969,432.0,431.0
1.971,431.0,437.0
1.974,435.0,435.0
1.976,434.0,444.0
1.979,439.0,435.0
1.981,434.0,434.0
1.983,437.0,436.0
1.986,432.0,434.0
1.988,434.0,431.0
1.991,428.0,433.0
1.993,431.0,426.0
1.996,431.0,430.0
1.998,430.0,429.0
2.0,428.0,430.0
2.003,431.0,434.0
2.005,436.0,434.0
2.008,437.0,436.0
2.01,434.0,438.0
2.013,441.0,444.0
2.015,441.0,446.0
2.018,446.0,446.0
2.02,450.0,448.0
2.022,450.0,449.0
2.025,447.0,445.0
2.027,446.0,443.0
2.03,448.0,441.0
2.032,444.0,446.0
2.035,444.0,441.0
2.037,443.0,441.0
2.04,442.0,438.0
2.042,438.0,441.0
2.044,443.0,438.0
2.047,439.0,440.0
2.049,440.0,440.0
2.052,447.0,450.0
2.054,448.0,448.0
2.057,451.0,453.0
2.059,456.0,455.0
2.062,454.0,459.0
2.064,455.0,455.0
2.066,459.0,460.0
2.069,461.0,461.0
2.071,459.0,457.0
2.074,458.0,451.0
2.076,455.0,458.0
2.079,452.0,448.0
2.081,448.0,448.0
2.084,448.0,449.0
2.086,450.0,450.0
2.088,452.0,450.0
2.091,448.0,449.0
2.093,455.0,450.0
2.096,453.0,452.0
2.098,457.0,457.0
2.101,461.0,462.0
2.103,464.0,465.0
2.106,466.0,470.0
2.108,466.0,473.0
2.11,469.0,469.0
2.113,467.0,471.0
2.115,470.0,469.0
2.118,464.0,461.0
2.12,463.0,462.0
2.123,460.0,459.0
2.125,463.0,461.0
2.128,461.0,461.0
2.13,462.0,467.0
2.132,463.0,460.0
2.135,463.0,463.0
2.137,460.0,464.0
2.14,460.0,466.0
2.142,464.0,465.0
2.145,472.0,469.0
2.147,471.0,473.0
2.149,474.0,475.0
2.152,472.0,479.0
2.154,480.0,473.0
2.157,481.0,476.0
2.159,473.0,476.0
2.162,477.0,477.0
2.164,472.0,470.0
2.167,475.0,469.0
2.169,470.0,475.0
2.171,470.0,471.0
2.174,469.0,466.0
2.176,468.0,476.0
2.179,472.0,470.0
2.181,469.0,472.0
2.184,470.0,473.0
2.186,472.0,476.0
2.189,474.0,474.0
2.191,478.0,479.0
2.193,479.0,484.0
2.196,483.0,485.0
2.198,485.0,483.0
2.201,490.0,485.0
2.203,491.0,492.0
2.206,489.0,487.0
2.208,487.0,487.0
2.211,482.0,485.0
2.213,485.0,484.0
2.215,484.0,487.0
2.218,483.0,481.0
2.22,480.0,481.0
2.223,481.0,481.0
2.225,483.0,480.0
2.228,485.0,483.0
2.23,481.0,480.0
2.233,485.0,480.0
2.235,482.0,485.0
2.237,491.0,485.0
2.24,485.0,487.0
2.242,491.0,494.0
2.245,495.0,492.0
2.247,492.0,496.0
2.25,498.0,500.0
2.252,494.0,495.0
2.255,499.0,496.0
2.257,493.0,495.0
2.259,499.0,493.0
2.262,491.0,490.0
2.264,491.0,490.0
2.267,491.0,490.0
2.269,494.0,490.0
2.272,491.0,492.0
2.274,495.0,491.0
2.277,490.0,493.0
2.279,490.0,494.0
2.281,495.0,492.0
2.284,494.0,494.0
2.286,494.0,495.0
2.289,499.0,500.0
2.291,498.0,501.0
2.294,500.0,505.0
2.296,508.0,509.0
2.298,509.0,508.0
2.301,513.0,511.0
2.303,510.0,510.0
2.306,510.0,508.0
2.308,509.0,507.0
2.311,506.0,507.0
2.313,501.0,500.0
2.316,508.0,504.0
2.318,506.0,503.0
2.32,506.0,502.0
2.323,504.0,500.0
2.325,500.0,498.0
2.328,499.0,504.0
2.33,505.0,504.0
2.333,502.0,504.0
2.335,510.0,509.0
2.338,506.0,510.0
2.34,510.0,509.0
2.342,513.0,516.0
2.345,517.0,514.0
2.347,515.0,521.0
2.35,520.0,523.0
2.352,520.0,521.0
2.355,519.0,516.0
2.357,523.0,520.0
2.36,518.0,518.0
2.362,514.0,516.0
2.364,511.0,517.0
2.367,516.0,511.0
2.369,514.0,514.0
2.372,510.0,513.0
2.374,510.0,514.0
2.377,513.0,515.0
2.379,513.0,511.0
2.382,517.0,513.0
2.384,514.0,516.0
2.386,515.0,523.0
2.389,516.0,522.0
2.391,522.0,527.0
2.394,526.0,526.0
2.396,525.0,528.0
2.399,530.0,530.0
2.401,529.0,532.0
2.404,533.0,529.0
2.406,532.0,529.0
2.408,533.0,530.0
2.411,528.0,525.0
2.413,527.0,523.0
2.416,527.0,525.0
2.418,528.0,527.0
2.421,523.0,523.0
2.423,525.0,528.0
2.426,521.0,522.0
2.428,521.0,524.0
2.43,523.0,526.0
2.433,527.0,533.0
2.435,529.0,535.0
2.438,531.0,531.0
2.44,533.0,536.0
2.443,537.0,536.0
2.445,537.0,540.0
2.447,541.0,536.0
2.45,544.0,542.0
2.452,546.0,542.0
2.455,540.0,540.0
2.457,541.0,540.0
2.46,543.0,538.0
2.462,539.0,539.0
2.465,543.0,535.0
2.467,540.0,538.0
2.469,537.0,534.0
2.472,533.0,536.0
2.474,540.0,538.0
2.477,538.0,540.0
2.479,537.0,533.0
2.482,538.0,538.0
2.484,539.0,539.0
2.487,541.0,541.0
2.489,539.0,538.0
2.491,546.0,548.0
2.494,546.0,547.0
2.496,543.0,548.0
2.499,549.0,550.0
2.501,550.0,552.0
2.504,554.0,555.0
2.506,551.0,553.0
2.509,554.0,555.0
2.511,555.0,555.0
2.513,553.0,548.0
2.516,548.0,550.0
2.518,552.0,550.0
2.521,547.0,548.0
2.523,546.0,544.0
2.526,548.0,547.0
2.528,548.0,546.0
2.531,547.0,550.0
2.533,550.0,546.0
2.535,552.0,549.0
2.538,554.0,548.0
2.54,548.0,555.0
2.543,552.0,552.0
2.545,557.0,558.0
2.548,560.0,561.0
2.55,563.0,562.0
2.553,567.0,560.0
2.555,566.0,565.0
2.557,568.0,567.0
2.56,567.0,567.0
2.562,563.0,562.0
2.565,562.0,568.0
2.567,565.0,564.0
2.57,563.0,562.0
2.572,560.0,558.0
2.574,558.0,561.0
2.577,560.0,556.0
2.579,559.0,554.0
2.582,561.0,556.0
2.584,564.0,557.0
2.587,560.0,560.0
2.589,564.0,563.0
2.592,561.0,565.0
2.594,569.0,565.0
2.596,568.0,571.0
2.599,571.0,577.0
2.601,574.0,573.0
2.604,575.0,578.0
2.606,576.0,580.0
2.609,580.0,577.0
2.611,572.0,575.0
2.614,573.0,570.0
2.616,571.0,570.0
2.618,567.0,579.0
2.621,567.0,566.0
2.623,570.0,569.0
2.626,566.0,568.0
2.628,571.0,568.0
2.631,567.0,572.0
2.633,576.0,569.0
2.636,576.0,572.0
2.638,575.0,579.0
2.64,580.0,582.0
2.643,588.0,583.0
2.645,587.0,588.0
2.648,582.0,588.0
2.65,587.0,584.0
2.653,588.0,585.0
2.655,581.0,580.0
2.658,578.0,581.0
2.66,584.0,576.0
2.662,580.0,577.0
2.665,578.0,578.0
2.667,581.0,575.0
2.67,579.0,576.0
2.672,578.0,581.0
2.675,580.0,578.0
2.677,584.0,587.0
2.68,580.0,586.0
2.682,584.0,590.0
2.684,595.0,591.0
2.687,593.0,598.0
2.689,596.0,599.0
2.692,597.0,597.0
2.694,595.0,594.0
2.697,595.0,592.0
2.699,588.0,587.0
2.702,588.0,590.0
2.704,590.0,593.0
2.706,589.0,589.0
2.709,589.0,584.0
2.711,585.0,584.0
2.714,588.0,596.0
2.716,590.0,586.0
2.719,588.0,591.0
2.721,594.0,591.0
2.723,593.0,596.0
2.726,596.0,601.0
2.728,606.0,604.0
2.731,606.0,606.0
2.733,608.0,608.0
2.736,606.0,605.0
2.738,607.0,599.0
2.741,603.0,601.0
2.743,600.0,598.0
2.745,600.0,598.0
2.748,600.0,597.0
2.75,600.0,600.0
2.753,596.0,598.0
2.755,594.0,596.0
2.758,595.0,596.0
2.76,597.0,599.0
2.763,600.0,601.0
2.765,600.0,603.0
2.767,602.0,607.0
2.77,613.0,606.0
2.772,611.0,615.0
2.775,614.0,615.0
2.777,617.0,617.0
2.78,615.0,613.0
2.782,610.0,611.0
2.785,611.0,611.0
2.787,608.0,605.0
2.789,607.0,609.0
2.792,609.0,607.0
2.794,607.0,606.0
2.797,603.0,604.0
2.799,605.0,604.0
2.802,607.0,604.0
2.804,607.0,607.0
2.807,608.0,610.0
2.809,613.0,613.0
2.811,616.0,613.0
2.814,614.0,617.0
2.816,619.0,619.0
2.819,623.0,624.0
2.821,629.0,620.0
2.824,628.0,621.0
2.826,620.0,625.0
2.829,621.0,624.0
2.831,623.0,620.0
2.833,615.0,615.0
2.836,618.0,615.0
2.838,618.0,619.0
2.841,619.0,614.0
2.843,617.0,617.0
2.846,616.0,612.0
2.848,621.0,620.0
2.851,618.0,620.0
2.853,617.0,622.0
2.855,623.0,619.0
2.858,628.0,626.0
2.86,629.0,627.0
2.863,632.0,633.0
2.865,636.0,635.0
2.868,635.0,635.0
2.87,632.0,633.0
2.872,634.0,629.0
2.875,630.0,627.0
2.877,631.0,629.0
2.88,625.0,628.0
2.882,626.0,629.0
2.885,623.0,624.0
2.887,628.0,623.0
2.89,628.0,626.0
2.892,623.0,630.0
2.894,629.0,632.0
2.897,634.0,631.0
2.899,628.0,634.0
2.902,637.0,640.0
2.904,638.0,640.0
2.907,639.0,641.0
2.909,646.0,640.0
2.912,643.0,643.0
2.914,640.0,640.0
2.916,638.0,642.0
2.919,637.0,639.0
2.921,635.0,636.0
2.924,637.0,635.0
2.926,633.0,636.0
2.929,637.0,631.0
2.931,632.0,635.0
2.934,635.0,632.0
2.936,637.0,633.0
2.938,639.0,640.0
2.941,642.0,638.0
2.943,644.0,646.0
2.946,643.0,644.0
2.948,649.0,652.0
2.951,655.0,648.0
2.953,654.0,650.0
2.956,657.0,651.0
2.958,649.0,652.0
2.96,648.0,650.0
2.963,644.0,648.0
2.965,645.0,643.0
2.968,647.0,642.0
2.97,642.0,647.0
2.973,642.0,646.0
2.975,646.0,643.0
2.978,645.0,644.0
2.98,649.0,647.0
2.982,652.0,652.0
2.985,650.0,653.0
2.987,655.0,653.0
2.99,658.0,655.0
2.992,662.0,664.0
2.995,657.0,662.0
2.997,659.0,665.0
3.0,668.0,664.0
3.002,657.0,660.0
3.004,657.0,661.0
3.007,657.0,653.0
3.009,657.0,656.0
3.012,652.0,653.0
3.014,651.0,656.0
3.017,655.0,650.0
3.019,658.0,652.0
3.021,658.0,653.0
3.024,659.0,654.0
3.026,660.0,658.0
3.029,660.0,661.0
3.031,671.0,666.0
3.034,669.0,666.0
3.036,671.0,668.0
3.039,672.0,672.0
3.041,675.0,669.0
3.043,672.0,672.0
3.046,669.0,666.0
3.048,667.0,669.0
3.051,664.0,667.0
3.053,664.0,664.0
3.056,661.0,659.0
3.058,664.0,660.0
3.061,666.0,663.0
3.063,661.0,665.0
3.065,663.0,667.0
3.068,666.0,670.0
3.07,667.0,673.0
3.073,671.0,678.0
3.075,675.0,683.0
3.078,681.0,681.0
3.08,679.0,678.0
3.083,686.0,684.0
3.085,677.0,677.0
3.087,681.0,675.0
3.09,674.0,679.0
3.092,676.0,675.0
3.095,677.0,676.0
3.097,671.0,678.0
3.1,675.0,672.0
3.102,678.0,677.0
3.105,672.0,670.0
3.107,679.0,678.0
3.109,677.0,679.0
3.112,675.0,681.0
3.114,681.0,683.0
3.117,686.0,682.0
3.119,687.0,688.0
3.122,686.0,695.0
3.124,691.0,691.0
3.127,691.0,688.0
3.129,692.0,688.0
3.131,694.0,686.0
3.134,689.0,687.0
3.136,685.0,684.0
3.139,684.0,683.0
3.141,681.0,680.0
3.144,684.0,682.0
3.146,680.0,684.0
3.149,688.0,680.0
3.151,682.0,684.0
3.153,687.0,688.0
3.156,684.0,685.0
3.158,691.0,689.0
3.161,691.0,691.0
3.163,696.0,697.0
3.166,700.0,699.0
3.168,698.0,697.0
3.17,703.0,702.0
3.173,702.0,700.0
3.175,697.0,704.0
3.178,703.0,701.0
3.18,693.0,695.0
3.183,693.0,695.0
3.185,697.0,694.0
3.188,694.0,694.0
3.19,689.0,695.0
3.192,696.0,695.0
3.195,693.0,690.0
3.197,694.0,695.0
3.2,696.0,698.0
3.202,699.0,700.0
3.205,704.0,704.0
3.207,706.0,702.0
3.21,705.0,704.0
3.212,710.0,706.0
3.214,716.0,712.0
3.217,717.0,709.0
3.219,712.0,710.0
3.222,713.0,709.0
3.224,709.0,706.0
3.227,711.0,703.0
3.229,706.0,705.0
3.232,708.0,704.0
3.234,704.0,703.0
3.236,703.0,706.0
3.239,703.0,701.0
3.241,705.0,706.0
3.244,709.0,707.0
3.246,712.0,710.0
3.249,710.0,711.0
3.251,716.0,710.0
3.254,712.0,718.0
3.256,718.0,720.0
3.258,719.0,722.0
3.261,723.0,709.0
3.263,719.0,717.0
3.266,719.0,718.0
3.268,717.0,718.0
3.271,713.0,718.0
3.273,718.0,713.0
3.276,714.0,716.0
3.278,714.0,712.0
3.28,716.0,710.0
3.283,709.0,709.0
3.285,710.0,714.0
3.288,713.0,716.0
3.29,716.0,714.0
3.293,718.0,720.0
3.295,719.0,724.0
3.298,725.0,727.0
3.3,728.0,729.0
3.302,731.0,728.0
3.305,731.0,734.0
3.307,734.0,731.0
3.31,734.0,731.0
3.312,732.0,727.0
3.315,727.0,726.0
3.317,727.0,728.0
3.319,721.0,725.0
3.322,726.0,724.0
3.324,725.0,724.0
3.327,724.0,724.0
3.329,727.0,724.0
3.332,722.0,725.0
3.334,727.0,731.0
3.337,727.0,726.0
3.339,728.0,731.0
3.341,731.0,731.0
3.344,735.0,738.0
3.346,738.0,740.0
3.349,741.0,740.0
3.351,735.0,739.0
3.354,740.0,741.0
3.356,738.0,733.0
3.359,733.0,733.0
3.361,731.0,729.0
3.363,730.0,731.0
3.366,732.0,736.0
3.368,729.0,729.0
3.371,735.0,736.0
3.373,735.0,734.0
3.376,735.0,732.0
3.378,736.0,736.0
3.381,737.0,740.0
3.383,737.0,743.0
3.385,744.0,747.0
3.388,747.0,744.0
3.39,746.0,749.0
3.393,750.0,745.0
3.395,748.0,750.0
3.398,749.0,745.0
3.4,748.0,746.0
3.403,746.0,747.0
3.405,739.0,740.0
3.407,741.0,743.0
3.41,745.0,742.0
3.412,739.0,743.0
3.415,741.0,745.0
3.417,744.0,745.0
3.42,743.0,741.0
3.422,748.0,748.0
3.425,747.0,746.0
3.427,754.0,755.0
3.429,752.0,757.0
3.432,758.0,755.0
3.434,760.0,756.0
3.437,756.0,759.0
3.439,756.0,759.0
3.442,756.0,757.0
3.444,753.0,755.0
3.447,757.0,752.0
3.449,752.0,754.0
3.451,748.0,753.0
3.454,752.0,748.0
3.456,751.0,754.0
3.459,751.0,756.0
3.461,751.0,751.0
3.464,757.0,755.0
3.466,759.0,754.0
3.468,757.0,760.0
3.471,758.0,766.0
3.473,765.0,767.0
3.476,764.0,770.0
3.478,770.0,766.0
3.481,769.0,765.0
3.483,770.0,764.0
3.486,769.0,769.0
3.488,768.0,761.0
3.49,760.0,761.0
3.493,759.0,763.0
3.495,762.0,758.0
3.498,762.0,765.0
3.5,762.0,758.0
3.503,758.0,763.0
3.505,765.0,761.0
3.508,768.0,767.0
3.51,766.0,767.0
3.512,769.0,770.0
3.515,775.0,774.0
3.517,772.0,772.0
3.52,778.0,776.0
3.522,778.0,775.0
3.525,776.0,778.0
3.527,780.0,775.0
3.53,777.0,773.0
3.532,774.0,770.0
3.534,770.0,770.0
3.537,775.0,771.0
3.539,773.0,768.0
3.542,772.0,768.0
3.544,772.0,773.0
3.547,769.0,773.0
3.549,772.0,771.0
3.552,776.0,775.0
3.554,772.0,779.0
3.556,777.0,780.0
3.559,782.0,781.0
3.561,783.0,783.0
3.564,791.0,785.0
3.566,783.0,791.0
3.569,786.0,785.0
3.571,785.0,785.0
3.574,790.0,780.0
3.576,787.0,782.0
3.578,780.0,782.0
3.581,784.0,780.0
3.583,777.0,783.0
3.586,784.0,777.0
3.588,779.0,778.0
3.591,781.0,782.0
3.593,779.0,784.0
3.596,783.0,787.0
3.598,785.0,787.0
3.6,786.0,791.0
3.603,795.0,789.0
3.605,794.0,791.0
3.608,800.0,795.0
3.61,799.0,793.0
3.613,794.0,800.0
3.615,797.0,793.0
3.617,796.0,796.0
3.62,790.0,787.0
3.622,795.0,789.0
3.625,792.0,789.0
3.627,791.0,791.0
3.63,790.0,787.0
3.632,794.0,791.0
3.635,789.0,793.0
3.637,794.0,796.0
3.639,794.0,792.0
3.642,796.0,799.0
3.644,797.0,797.0
3.647,797.0,805.0
3.649,799.0,803.0
3.652,807.0,802.0
3.654,809.0,803.0
3.657,808.0,805.0
3.659,811.0,801.0
3.661,800.0,804.0
3.664,801.0,799.0
3.666,805.0,800.0
3.669,804.0,798.0
3.671,797.0,796.0
3.674,801.0,798.0
3.676,801.0,801.0
3.679,801.0,802.0
3.681,798.0,799.0
3.683,808.0,805.0
3.686,808.0,804.0
3.688,812.0,812.0
3.691,808.0,817.0
3.693,815.0,820.0
3.696,814.0,819.0
3.698,812.0,817.0
3.701,815.0,818.0
3.703,812.0,816.0
3.705,810.0,809.0
3.708,812.0,811.0
3.71,810.0,810.0
3.713,811.0,807.0
3.715,810.0,808.0
3.718,810.0,806.0
3.72,810.0,813.0
3.723,811.0,812.0
3.725,816.0,814.0
3.727,812.0,812.0
3.73,816.0,815.0
3.732,820.0,822.0
3.735,820.0,823.0
3.737,826.0,823.0
3.74,828.0,828.0
3.742,830.0,823.0
3.745,823.0,826.0
3.747,821.0,828.0
3.749,819.0,820.0
3.752,822.0,816.0
3.754,821.0,817.0
3.757,818.0,814.0
3.759,820.0,819.0
3.762,817.0,820.0
3.764,826.0,817.0
3.766,822.0,818.0
3.769,820.0,825.0
3.771,821.0,822.0
3.774,824.0,826.0
3.776,830.0,832.0
3.779,831.0,837.0
3.781,836.0,833.0
3.784,836.0,832.0
3.786,836.0,837.0
3.788,836.0,839.0
3.791,832.0,836.0
3.793,832.0,828.0
3.796,832.0,832.0
3.798,825.0,830.0
3.801,828.0,825.0
3.803,831.0,831.0
3.806,830.0,826.0
3.808,830.0,831.0
3.81,827.0,834.0
3.813,833.0,829.0
3.815,831.0,836.0
3.818,832.0,835.0
3.82,839.0,838.0
3.823,843.0,843.0
3.825,844.0,844.0
3.828,844.0,845.0
3.83,843.0,844.0
3.832,846.0,843.0
3.835,840.0,839.0
3.837,844.0,842.0
3.84,840.0,836.0
3.842,840.0,840.0
3.845,837.0,838.0
3.847,838.0,835.0
3.85,842.0,838.0
3.852,841.0,844.0
3.854,838.0,840.0
3.857,843.0,842.0
3.859,839.0,841.0
3.862,846.0,846.0
3.864,843.0,845.0
3.867,854.0,847.0
3.869,848.0,850.0
3.872,858.0,855.0
3.874,855.0,854.0
3.876,857.0,855.0
3.879,852.0,856.0
3.881,854.0,850.0
3.884,849.0,846.0
3.886,846.0,850.0
3.889,850.0,847.0
3.891,848.0,847.0
3.894,850.0,848.0
3.896,848.0,846.0
3.898,846.0,845.0
3.901,847.0,847.0
3.903,847.0,856.0
3.906,853.0,854.0
3.908,851.0,852.0
3.911,859.0,862.0
3.913,861.0,860.0
3.915,862.0,866.0
3.918,864.0,866.0
3.92,863.0,864.0
3.923,862.0,863.0
3.925,868.0,864.0
3.928,864.0,863.0
3.93,860.0,862.0
3.933,860.0,860.0
3.935,862.0,856.0
3.937,860.0,855.0
3.94,860.0,859.0
3.942,860.0,862.0
3.945,857.0,856.0
3.947,860.0,861.0
3.95,862.0,863.0
3.952,863.0,860.0
3.955,862.0,862.0
3.957,863.0,868.0
3.959,872.0,871.0
3.962,873.0,869.0
3.964,870.0,872.0
3.967,871.0,873.0
3.969,873.0,878.0
3.972,875.0,871.0
3.974,872.0,874.0
3.977,873.0,872.0
3.979,868.0,869.0
3.981,866.0,867.0
3.984,871.0,868.0
3.986,869.0,875.0
3.989,869.0,869.0
3.991,867.0,866.0
3.994,866.0,870.0
3.996,871.0,871.0
3.999,874.0,873.0
4.001,878.0,875.0
4.003,881.0,877.0
4.006,876.0,879.0
4.008,878.0,878.0
4.011,884.0,883.0
4.013,887.0,887.0
4.016,890.0,889.0
4.018,888.0,886.0
4.021,889.0,885.0
4.023,884.0,885.0
4.025,885.0,880.0
4.028,879.0,879.0
4.03,878.0,876.0
4.033,877.0,877.0
4.035,876.0,877.0
4.038,877.0,876.0
4.04,880.0,876.0
4.043,879.0,883.0
4.045,882.0,883.0
4.047,883.0,884.0
4.05,885.0,887.0
4.052,891.0,885.0
4.055,887.0,891.0
4.057,888.0,889.0
4.06,895.0,897.0
4.062,896.0,899.0
4.064,897.0,897.0
4.067,898.0,897.0
4.069,897.0,896.0
4.072,897.0,896.0
4.074,891.0,893.0
4.077,895.0,890.0
4.079,893.0,891.0
4.082,892.0,890.0
4.084,888.0,888.0
4.086,890.0,888.0
4.089,889.0,893.0
4.091,887.0,890.0
4.094,891.0,890.0
4.096,895.0,891.0
4.099,894.0,894.0
4.101,894.0,898.0
4.104,896.0,897.0
4.106,906.0,903.0
4.108,907.0,906.0
4.111,906.0,907.0
4.113,903.0,902.0
4.116,906.0,904.0
4.118,903.0,902.0
4.121,905.0,907.0
4.123,901.0,899.0
4.126,900.0,899.0
4.128,899.0,897.0
4.13,899.0,899.0
4.133,897.0,896.0
4.135,897.0,898.0
4.138,901.0,902.0
4.14,897.0,905.0
4.143,907.0,904.0
4.145,905.0,906.0
4.148,912.0,904.0
4.15,905.0,912.0
4.152,912.0,910.0
4.155,915.0,912.0
4.157,918.0,919.0
4.16,915.0,916.0
4.162,921.0,917.0
4.165,917.0,913.0
4.167,916.0,918.0
4.17,913.0,910.0
4.172,913.0,912.0
4.174,908.0,909.0
4.177,911.0,909.0
4.179,908.0,908.0
4.182,915.0,907.0
4.184,909.0,907.0
4.187,912.0,911.0
4.189,912.0,914.0
4.191,912.0,914.0
4.194,921.0,920.0
4.196,920.0,916.0
4.199,922.0,919.0
4.201,926.0,924.0
4.204,928.0,930.0
4.206,926.0,923.0
4.209,929.0,928.0
4.211,928.0,927.0
4.213,924.0,920.0
4.216,920.0,921.0
4.218,920.0,923.0
4.221,917.0,921.0
4.223,921.0,922.0
4.226,920.0,920.0
4.228,920.0,918.0
4.231,921.0,922.0
4.233,925.0,919.0
4.235,920.0,925.0
4.238,925.0,927.0
4.24,925.0,928.0
4.243,927.0,931.0
4.245,930.0,935.0
4.248,939.0,937.0
4.25,937.0,937.0
4.253,941.0,942.0
4.255,940.0,937.0
4.257,938.0,934.0
4.26,938.0,940.0
4.262,937.0,931.0
4.265,930.0,930.0
4.267,934.0,929.0
4.27,931.0,931.0
4.272,931.0,934.0
4.275,933.0,929.0
4.277,928.0,928.0
4.279,930.0,933.0
4.282,933.0,933.0
4.284,933.0,935.0
4.287,936.0,933.0
4.289,939.0,936.0
4.292,941.0,940.0
4.294,941.0,944.0
4.297,944.0,943.0
4.299,950.0,946.0
4.301,950.0,946.0
4.304,950.0,952.0
4.306,950.0,950.0
4.309,949.0,950.0
4.311,948.0,947.0
4.314,946.0,944.0
4.316,948.0,940.0
4.319,943.0,949.0
4.321,945.0,946.0
4.323,941.0,940.0
4.326,946.0,943.0
4.328,941.0,939.0
4.331,942.0,946.0
4.333,944.0,947.0
4.336,943.0,944.0
4.338,947.0,948.0
4.34,945.0,952.0
4.343,951.0,950.0
4.345,953.0,952.0
4.348,952.0,959.0
4.35,955.0,961.0
4.353,961.0,964.0
4.355,961.0,960.0
4.358,960.0,961.0
4.36,958.0,957.0
4.362,956.0,962.0
4.365,959.0,959.0
4.367,958.0,958.0
4.37,949.0,955.0
4.372,952.0,954.0
4.375,956.0,953.0
4.377,956.0,953.0
4.38,951.0,956.0
4.382,960.0,955.0
4.384,952.0,958.0
4.387,956.0,954.0
4.389,957.0,957.0
4.392,961.0,963.0
4.394,966.0,964.0
4.397,966.0,963.0
4.399,966.0,965.0
4.402,969.0,975.0
4.404,973.0,969.0
4.406,969.0,968.0
4.409,968.0,971.0
4.411,975.0,976.0
4.414,968.0,967.0
4.416,963.0,969.0
4.419,963.0,965.0
4.421,967.0,967.0
4.424,961.0,961.0
4.426,963.0,959.0
4.428,967.0,967.0
4.431,965.0,962.0
4.433,966.0,963.0
4.436,965.0,966.0
4.438,971.0,972.0
4.441,967.0,970.0
4.443,971.0,975.0
4.446,973.0,978.0
4.448,980.0,974.0
4.45,979.0,980.0
4.453,979.0,979.0
4.455,980.0,981.0
4.458,983.0,986.0
4.46,984.0,980.0
4.463,977.0,976.0
4.465,976.0,982.0
4.468,977.0,976.0
4.47,970.0,980.0
4.472,976.0,973.0
4.475,971.0,975.0
4.477,977.0,970.0
4.48,974.0,973.0
4.482,976.0,978.0
4.485,974.0,973.0
4.487,979.0,980.0
4.489,981.0,982.0
4.492,978.0,983.0
4.494,985.0,985.0
4.497,991.0,986.0
4.499,991.0,991.0
4.502,991.0,994.0
4.504,993.0,988.0
4.507,993.0,993.0
4.509,987.0,985.0
4.511,990.0,983.0
4.514,988.0,985.0
4.516,986.0,984.0
4.519,983.0,987.0
4.521,987.0,979.0
4.524,981.0,985.0
4.526,980.0,982.0
4.529,982.0,984.0
4.531,987.0,989.0
4.533,988.0,984.0
4.536,991.0,989.0
4.538,989.0,994.0
4.541,998.0,992.0
4.543,995.0,995.0
4.546,1002.0,999.0
4.548,1002.0,997.0
4.551,1002.0,997.0
4.553,1000.0,993.0
4.555,998.0,997.0
4.558,991.0,995.0
4.56,994.0,989.0
4.563,991.0,986.0
4.565,988.0,991.0
4.568,992.0,990.0
4.57,990.0,987.0
4.573,990.0,995.0
4.575,992.0,994.0
4.577,997.0,993.0
4.58,996.0,999.0
4.582,997.0,998.0
4.585,1005.0,1001.0
4.587,1003.0,1009.0
4.59,1004.0,1007.0
4.592,1003.0,1001.0
4.595,1005.0,1004.0
4.597,1000.0,1004.0
4.599,997.0,1000.0
4.602,995.0,998.0
4.604,994.0,995.0
4.607,1000.0,997.0
4.609,993.0,999.0
4.612,999.0,994.0
4.614,994.0,996.0
4.617,1001.0,995.0
4.619,1001.0,997.0
4.621,1003.0,1003.0
4.624,1006.0,1010.0
4.626,1007.0,1009.0
4.629,1007.0,1009.0
4.631,1010.0,1013.0
4.634,1008.0,1013.0
4.636,1009.0,1013.0
4.638,1008.0,1009.0
4.641,1006.0,1007.0
4.643,1008.0,1004.0
4.646,1005.0,1005.0
4.648,1000.0,1000.0
4.651,1007.0,999.0
4.653,1006.0,1004.0
4.656,1000.0,1000.0
4.658,1005.0,1005.0
4.66,1003.0,1007.0
4.663,1009.0,1007.0
4.665,1008.0,1008.0
4.668,1009.0,1011.0
4.67,1009.0,1010.0
4.673,1017.0,1015.0
4.675,1014.0,1019.0
4.678,1017.0,1020.0
4.68,1016.0,1014.0
4.682,1017.0,1016.0
4.685,1019.0,1012.0
4.687,1017.0,1016.0
4.69,1009.0,1011.0
4.692,1006.0,1009.0
4.695,1007.0,1005.0
4.697,1006.0,1007.0
4.7,1014.0,1008.0
4.702,1011.0,1012.0
4.704,1012.0,1010.0
4.707,1007.0,1010.0
4.709,1013.0,1009.0
4.712,1017.0,1011.0
4.714,1012.0,1018.0
4.717,1021.0,1019.0
4.719,1017.0,1021.0
4.722,1018.0,1022.0
4.724,1020.0,1022.0
4.726,1023.0,1021.0
4.729,1020.0,1017.0
4.731,1018.0,1017.0
4.734,1019.0,1017.0
4.736,1015.0,1018.0
4.739,1015.0,1014.0
4.741,1014.0,1019.0
4.744,1016.0,1013.0
4.746,1013.0,1013.0
4.748,1014.0,1011.0
4.751,1015.0,1013.0
4.753,1016.0,1012.0
4.756,1017.0,1019.0
4.758,1018.0,1023.0
4.761,1022.0,1023.0
4.763,1023.0,1023.0
4.766,1023.0,1023.0
4.768,1023.0,1023.0
4.77,1023.0,1023.0
4.773,1023.0,1023.0
4.775,1023.0,1023.0
4.778,1021.0,1018.0
4.78,1018.0,1017.0
4.783,1019.0,1019.0
4.785,1021.0,1018.0
4.787,1017.0,1020.0
4.79,1015.0,1016.0
4.792,1014.0,1018.0
4.795,1013.0,1018.0
4.797,1015.0,1017.0
4.8,1018.0,1019.0
4.802,1023.0,1023.0
4.805,1023.0,1023.0
4.807,1023.0,1023.0
4.809,1023.0,1023.0
4.812,1023.0,1023.0
4.814,1023.0,1023.0
4.817,1023.0,1023.0
4.819,1023.0,1023.0
4.822,1023.0,1023.0
4.824,1023.0,1023.0
4.827,1022.0,1021.0
4.829,1019.0,1023.0
4.831,1018.0,1020.0
4.834,1023.0,1021.0
4.836,1019.0,1022.0
4.839,1023.0,1019.0
4.841,1023.0,1019.0
4.844,1023.0,1022.0
4.846,1023.0,1023.0
4.849,1023.0,1023.0
4.851,1023.0,1023.0
4.853,1023.0,1023.0
4.856,1023.0,1023.0
4.858,1023.0,1023.0
4.861,1023.0,1023.0
4.863,1023.0,1023.0
4.866,1023.0,1023.0
4.868,1023.0,1023.0
4.871,1023.0,1023.0
4.873,1023.0,1023.0
4.875,1023.0,1023.0
4.878,1023.0,1023.0
4.88,1022.0,1023.0
4.883,1023.0,1023.0
4.885,1023.0,1023.0
4.888,1023.0,1023.0
4.89,1023.0,1023.0
4.893,1023.0,1023.0
4.895,1023.0,1023.0
4.897,1023.0,1023.0
4.9,1023.0,1023.0
4.902,1023.0,1023.0
4.905,1023.0,1023.0
4.907,1023.0,1023.0
4.91,1023.0,1023.0
4.912,1023.0,1023.0
4.915,1023.0,1023.0
4.917,1023.0,1023.0
4.919,1023.0,1023.0
4.922,1023.0,1023.0
4.924,1023.0,1023.0
4.927,1023.0,1023.0
4.929,1023.0,1023.0
4.932,1023.0,1023.0
4.934,1023.0,1023.0
4.936,1023.0,1023.0
4.939,1023.0,1023.0
4.941,1023.0,1023.0
4.944,1023.0,1023.0
4.946,1023.0,1023.0
4.949,1023.0,1023.0
4.951,1023.0,1023.0
4.954,1023.0,1023.0
4.956,1023.0,1023.0
4.958,1023.0,1023.0
4.961,1023.0,1023.0
4.963,1023.0,1023.0
4.966,1023.0,1023.0
4.968,1023.0,1023.0
4.971,1023.0,1023.0
4.973,1023.0,1023.0
4.976,1023.0,1023.0
4.978,1023.0,1023.0
4.98,1023.0,1023.0
4.983,1023.0,1023.0
4.985,1023.0,1023.0
4.988,1023.0,1023.0
4.99,1023.0,1023.0
4.993,1023.0,1023.0
4.995,1023.0,1023.0
4.998,1023.0,1023.0
5.0,1023.0,1023.0
